<annotation>
	<folder>labels</folder>
	<filename>1-7.png</filename>
	<path>/home/alphonsus/3dmodels/uncertainty/detector/labels/1-7.png</path>
	<source>
		<database>Unknown</database>
	</source>
	<size>
		<width>640</width>
		<height>640</height>
		<depth>3</depth>
	</size>
	<segmented>0</segmented>
	<object>
		<name>can_sprite</name>
		<pose>Unspecified</pose>
		<truncated>0</truncated>
		<difficult>0</difficult>
		<bndbox>
			<xmin>442</xmin>
			<ymin>187</ymin>
			<xmax>476</xmax>
			<ymax>233</ymax>
		</bndbox>
	</object>
</annotation>
