<annotation>
	<folder>labels</folder>
	<filename>1-7.png</filename>
	<path>/home/alphonsus/3dmodels/uncertainty/detector/labels/1-7.png</path>
	<source>
		<database>Unknown</database>
	</source>
	<size>
		<width>640</width>
		<height>640</height>
		<depth>3</depth>
	</size>
	<segmented>0</segmented>
	<object>
		<name>chips_can</name>
		<pose>Unspecified</pose>
		<truncated>0</truncated>
		<difficult>0</difficult>
		<bndbox>
			<xmin>488</xmin>
			<ymin>151</ymin>
			<xmax>542</xmax>
			<ymax>229</ymax>
		</bndbox>
	</object>
</annotation>
