<annotation>
	<folder>labels</folder>
	<filename>22-24.png</filename>
	<path>/home/alphonsus/3dmodels/uncertainty/detector/labels/22-24.png</path>
	<source>
		<database>Unknown</database>
	</source>
	<size>
		<width>640</width>
		<height>640</height>
		<depth>3</depth>
	</size>
	<segmented>0</segmented>
	<object>
		<name>toy</name>
		<pose>Unspecified</pose>
		<truncated>0</truncated>
		<difficult>0</difficult>
		<bndbox>
			<xmin>435</xmin>
			<ymin>203</ymin>
			<xmax>473</xmax>
			<ymax>222</ymax>
		</bndbox>
	</object>
</annotation>
